{
    "Muhamad":{
        "attaque" : "100",
        "defense" : "40",
        "PV" : "100",
        "type" : "soleil",
        "fortContre" : ["lune","CAC"],
        "faibleContre" : ["lune","magie"],
        "moveset" : { 
            "brûlure" : "attaque",
            "vitalité" : "PV",
            "barrière" : "maDefense"
            }
        },
    "Michelle":{
        "attaque" : "140",
        "defense" : "20",
        "PV" : "70",
        "type" : "magie",
        "fortContre" : ["soleil"],
        "faibleContre" : ["lune","CAC"],
        "moveset" : { 
            "BouleNégative" : "attaque",
            "Paralysie" : "statut",
            "Préparation" : "préparation"
            }
        },
    "Carlos":{
        "attaque" : "80",
        "defense" : "60",
        "PV" : "100",
        "type" : "CAC",
        "fortContre" : ["magie"],
        "faibleContre" : ["soleil"],
        "moveset" : { 
            "coupDirect" : "attaque",
            "lameDeCourage" : "monAttaque",
            "BriseCasque" : "saDefense"
            }
        },
    "Chen":{
        "attaque" : "14",
        "defense" : "30",
        "PV" : "120",
        "type" : "lune",
        "fortContre" : ["soleil", "magie"],
        "faibleContre" : ["soleil"],
        "moveset" : { 
            "pleineLune" : "PleineLune",
            "invocation" : "invocation",
            "coupPorté" : "attaque"
            }
        }
    }